numero_norma,version,sumilla,tipo,estado,sistema,fecha_publicacion,fecha_emision,enlace
Resolución SBS N° 01873-2026,v1.0,"Modifican el Reglamento General de las Cooperativas de Ahorro y Crédito No Autorizadas a Captar Recursos del Público, aprobado por la Resolución SBS N° 480-2019 y sus modificatorias",Resolución,Vigente,COOPAC,17/07/2026,16/07/2026,https://www.sbs.gob.pe/app/pp/INT_CN/Paginas/Busqueda/Download.aspx?url=p8ehJETNq5hYZsadCTQlDA1Pw7aAvNcREl6DVQhESNiouiM3fzeprEeqSY0+Ubw+IMYa9V8Zay/mgvD1uvX66Ar+LIbOKeBV02kcyJ2IZ6vf1sJavO7sPjN72Q8BR6Fv9ILutjheX5IoXcpys7yb4TN4ijNiUelml5e+YESTFa2WtBHdEBan4J16oUFahoNVU5217ifxR9USbTLQM3lO0Q==
Resolución SBS N° 01690-2026,v1.0,"Modifican los Manuales de Contabilidad para las Cooperativas de Ahorro y Crédito No Autorizadas a Captar Recursos del Público de Nivel 1, Nivel 2 y Nivel 3.",Resolución,Vigente,COOPAC,26/06/2026,24/06/2026,https://www.sbs.gob.pe/app/pp/INT_CN/Paginas/Busqueda/Download.aspx?url=p8ehJETNq5hYZsadCTQlDA1Pw7aAvNcREl6DVQhESNiouiM3fzeprEeqSY0+Ubw+IMYa9V8Zay/mgvD1uvX66Ar+LIbOKeBV02kcyJ2IZ6uJw+AElkZUSplk7tsK8fC1nsmkt+5hPnIR446y16pqBTykR451Yo1F0B8jo43KhKEWO/gL0wzTKOvM70g5jsfQ/dCR06DQhMjR2nykWQeskg==
Resolución SBS N° 01586-2026,v1.0,Aprueban el Reglamento para la implementación y funcionamiento del Mecanismo de Identificación de Titularidades Financieras e incorporan infracciones en el Anexo 2 del Reglamento de Infracciones y Sanciones.,Resolución,Vigente,"SF, COOPAC, LA/FT_UIF",10/06/2026,09/06/2026,https://www.sbs.gob.pe/app/pp/INT_CN/Paginas/Busqueda/Download.aspx?url=p8ehJETNq5hYZsadCTQlDA1Pw7aAvNcREl6DVQhESNiouiM3fzeprEeqSY0+Ubw+IMYa9V8Zay/mgvD1uvX66Ar+LIbOKeBV02kcyJ2IZ6uWRTt8kn5i3WlxuzuvDiSFQdk3Z8wGZ0SUGxHzxfl+Sc5WDQ4BF7nbAKKiWeVKblnO0QENUZGB2Iqr6SZtwegssTJy+fzqSbL5xuUDAokijg==
Resolución SBS N° 1029-2026,v1.0,Modifican el Reglamento de Infracciones y Sanciones de la Superintendencia de Banca Seguros y Administradoras Privadas de Fondos de Pensiones.,Resolución,Vigente,"SF, SS, SPP, COOPAC, LA/FT_SBS",10/04/2026,08/04/2026,https://www.sbs.gob.pe/app/pp/INT_CN/Paginas/Busqueda/Download.aspx?url=p8ehJETNq5hYZsadCTQlDA1Pw7aAvNcREl6DVQhESNiouiM3fzeprEeqSY0+Ubw+IMYa9V8Zay/mgvD1uvX66Ar+LIbOKeBV02kcyJ2IZ6vJTDguJSaJkiOj1Y4yvEQV+VQ1PQuvvqxOFlb6HVGCmPUSTkxh6Che6kn7TPYq+TkIi7tJzhrIEdsYGIn0fBdFct3RJ6PzGHaCvqlGock84Q==
Resolución SBS N° 04142-2025,v1.0,Modifican el Reglamento para la Realización Temporal de Actividades en Modelos Novedosos y el TUPA N° 202.,Resolución,Vigente,"SF, SS, SPP, COOPAC, AFOCAT",24/11/2025,19/11/2025,https://www.sbs.gob.pe/app/pp/INT_CN/Paginas/Busqueda/Download.aspx?url=p8ehJETNq5hYZsadCTQlDA1Pw7aAvNcREl6DVQhESNiouiM3fzeprEeqSY0+Ubw+IMYa9V8Zay/mgvD1uvX66Ar+LIbOKeBV02kcyJ2IZ6skIZXJhJKn8SgPSKWiPaWsAUGDbI9D+SG+My3HMuN7zIR5bZ5zUOZtvahOo8ExAV+/2XDS2ug8KmD9k+EaZsOMj+wPyuxO+tsPlYTqGlq6bQ==
Resolución SBS N° 3763-2025,v1.0,"Renominan y modifican el ¿Procedimiento Operativo para disponer de hasta el 25% del Fondo de Pensiones de los afiliados del Sistema Privado de Pensiones destinado a la compra de un primer inmueble¿, aprobado por Resolución SBS N° 3663-2016",Resolución,Vigente,"SF, SPP, COOPAC",17/10/2025,16/10/2025,https://www.sbs.gob.pe/app/pp/INT_CN/Paginas/Busqueda/Download.aspx?url=p8ehJETNq5hYZsadCTQlDA1Pw7aAvNcREl6DVQhESNiouiM3fzeprEeqSY0+Ubw+IMYa9V8Zay/mgvD1uvX66Ar+LIbOKeBV02kcyJ2IZ6vOLfBAuLw5EBwLVXPPIGiyO/WtfF/ZkXXJiClVBzhi+uXSxKlDWF9eClIjSDrqx2Jewx1j5rsJpa8K8zNv9c4saumQ+sWIG9wlGUPrwlQGlg==
Resolución SBS N° 03727-2025,v1.0,Modifican el Reglamento General de las Cooperativas de Ahorro y Crédito No Autorizadas a Captar Recursos del Público,Resolución,Vigente,COOPAC,16/10/2025,15/10/2025,https://www.sbs.gob.pe/app/pp/INT_CN/Paginas/Busqueda/Download.aspx?url=p8ehJETNq5hYZsadCTQlDA1Pw7aAvNcREl6DVQhESNiouiM3fzeprEeqSY0+Ubw+IMYa9V8Zay/mgvD1uvX66Ar+LIbOKeBV02kcyJ2IZ6utDJ3s2MgO5kWGwA7mzPwaz63FYac8/VYc//OYweTIkEWvDhobw+EqOYj3iEctZuO9Y85O67zWJ7u4QGhmYmkrGFcqH2L+yI3EYkTkw+Yg6g==
Resolución SBS N° 3625-2025,v1.0,Modificación del artículo 14 del Estatuto del Fondo de Seguro de Depósitos Cooperativo,Resolución,Vigente,COOPAC,,09/10/2025,https://www.sbs.gob.pe/app/pp/INT_CN/Paginas/Busqueda/Download.aspx?url=p8ehJETNq5hYZsadCTQlDA1Pw7aAvNcREl6DVQhESNiouiM3fzeprEeqSY0+Ubw+IMYa9V8Zay/mgvD1uvX66Ar+LIbOKeBV02kcyJ2IZ6unjTj7az91Ln8TPSBCxuBdHwlmDrisvXbD6kV8kFI5QubsKzMhDLoTZ7mRT3cprMhB1O9iuEV6scxuTC3flzb/Q3BwgRBp79Ayl7IQjinF7w==
Resolución SBS N° 02926-2025,v1.0,"Modifican el Reglamento General de las Cooperativas de Ahorro y Crédito No Autorizadas a Captar Recursos del Público y los Manuales de Contabilidad para las Cooperativas de Ahorro y Crédito No Autorizadas a Captar Recursos del Público, de Nivel 1, Nivel 2 y Nivel 3",Resolución,Vigente,COOPAC,21/08/2025,20/08/2025,https://www.sbs.gob.pe/app/pp/INT_CN/Paginas/Busqueda/Download.aspx?url=p8ehJETNq5hYZsadCTQlDA1Pw7aAvNcREl6DVQhESNiouiM3fzeprEeqSY0+Ubw+IMYa9V8Zay/mgvD1uvX66Ar+LIbOKeBV02kcyJ2IZ6sEHgpL/CsAYs3D4OYPIAUKhW2VXFPLqOwyHffrSE/oeP8BzdHRrGNCU7kgCKJBc5k5gdoCTdf/XPJzKDlUilt3XDvhWbWJXCtz6R+GPlNL5A==
Resolución SBS N° 2573-2025,v1.0,Modifican el Reglamento del Fondo de Seguro de Depósitos Cooperativo (Resolución SBS N° 5061-2018),Resolución,Vigente,COOPAC,24/07/2025,21/07/2025,https://www.sbs.gob.pe/app/pp/INT_CN/Paginas/Busqueda/Download.aspx?url=p8ehJETNq5hYZsadCTQlDA1Pw7aAvNcREl6DVQhESNiouiM3fzeprEeqSY0+Ubw+IMYa9V8Zay/mgvD1uvX66Ar+LIbOKeBV02kcyJ2IZ6uf9rzjnYKWt94VaAwCoua/2h44dg5mGcywPtH54db0DZ4/nho8hjlgjgLWPjGESYn4Kl8YGRv8oVB1EoyIPxUD
Resolución SBS N° 02334-2025,v1.0,"Modifican Manuales de Contabilidad para Cooperativas de Ahorro y Crédito No Autorizadas a Captar Recursos del Público de Nivel 2 y Nivel 3, y dictan otras disposiciones",Resolución,Vigente,COOPAC,03/07/2025,01/07/2025,https://www.sbs.gob.pe/app/pp/INT_CN/Paginas/Busqueda/Download.aspx?url=p8ehJETNq5hYZsadCTQlDA1Pw7aAvNcREl6DVQhESNiouiM3fzeprEeqSY0+Ubw+IMYa9V8Zay/mgvD1uvX66Ar+LIbOKeBV02kcyJ2IZ6vSt9L5Zl4vFWULdyg2rjIU5O+pI5tF93XVoRQk64gbjb9D6xS08ZQemvTbO0XL8Im2f1+M1nYGHjirUrbUKcORFI7PJqxEiFyZSgPU49gtHg==
Resolución SBS N° 01132-2025,v1.0,"Modifican el Reglamento de Auditoría Interna, el Reglamento de Auditoría Interna para las Cooperativas de Ahorro y Crédito No Autorizadas a Operar con Recursos del Público y la Circular N° G-161-2012 67.",Resolución,Vigente,"SF, SS, SPP, COOPAC",26/03/2025,24/03/2025,https://www.sbs.gob.pe/app/pp/INT_CN/Paginas/Busqueda/Download.aspx?url=p8ehJETNq5hYZsadCTQlDA1Pw7aAvNcREl6DVQhESNiouiM3fzeprEeqSY0+Ubw+IMYa9V8Zay/mgvD1uvX66Ar+LIbOKeBV02kcyJ2IZ6v92hDDTNESSmP2qva2qzNfolMjTsaY/qm8vv6WJjuc8Vfmv0jsUjxsSOm+3+o+pxdefZ5wKA8KSa8Wnury7NGVaxggTvNZWIq9jzHx2s2pYQ==
Resolución SBS N° 458-2025,v1.0,Modificación del Reglamento General de las Cooperativas de Ahorro y Crédito No Autorizadas a Captar Recursos del Público,Resolución,Vigente,COOPAC,11/02/2025,07/02/2025,https://www.sbs.gob.pe/app/pp/INT_CN/Paginas/Busqueda/Download.aspx?url=p8ehJETNq5hYZsadCTQlDA1Pw7aAvNcREl6DVQhESNiouiM3fzeprEeqSY0+Ubw+IMYa9V8Zay/mgvD1uvX66Ar+LIbOKeBV02kcyJ2IZ6s17WVdTQDNVmmLgK3p+DpgmtJm6ewv5tsOp1xeivsN8tUGogRQtpPAkLIqTyIqTniyOU76JT3VHsr2FpbSCPgsHekUNRnN5BU0uYLQ4y0K0w==
Oficio Múltiple N° 76356-2024,v1.0,Reprogramación de créditos otorgados en el marco del Fondo de Apoyo Empresarial a las MIPYME del Sector Turismo (FAE-TURISMO),Oficio múltiple,Vigente,COOPAC,,26/12/2024,https://www.sbs.gob.pe/app/pp/INT_CN/Paginas/Busqueda/Download.aspx?url=p8ehJETNq5hYZsadCTQlDA1Pw7aAvNcREl6DVQhESNiouiM3fzeprEeqSY0+Ubw+IMYa9V8Zay/mgvD1uvX66Ar+LIbOKeBV02kcyJ2IZ6t6Mq/jjsfRz/PyHfuEqdnOBSJxMzQYm94aV0sqBZB03/BedXR054tt9mz39Gwpu4fybiauU50vgL3MJ9B9cQ7urasqCE3E8H3bb5MAFwwwkQ==
Resolución SBS N° 04173-2024,v1.0,Modifican el Reglamento General de las Cooperativas de Ahorro y Crédito No Autorizadas a Captar Recursos del Público,Resolución,Vigente,COOPAC,11/12/2024,05/12/2024,https://www.sbs.gob.pe/app/pp/INT_CN/Paginas/Busqueda/Download.aspx?url=p8ehJETNq5hYZsadCTQlDA1Pw7aAvNcREl6DVQhESNiouiM3fzeprEeqSY0+Ubw+IMYa9V8Zay/mgvD1uvX66Ar+LIbOKeBV02kcyJ2IZ6uZufAFGkMyXZrLIHIEASwKHnAg2mEUZy6Y0T9+O/qfaIwxQRYE733IpLkETV2Hj0SFvyC7o+WjEoJH5Ma9/FL7rPhDvacz2EqeTITxh+tGeA==
Resolución SBS N° 3894-2024,v1.0,Modifican el Reglamento del Fondo de Seguro de Depósitos Cooperativo,Resolución,Vigente,COOPAC,20/11/2024,13/11/2024,https://www.sbs.gob.pe/app/pp/INT_CN/Paginas/Busqueda/Download.aspx?url=p8ehJETNq5hYZsadCTQlDA1Pw7aAvNcREl6DVQhESNiouiM3fzeprEeqSY0+Ubw+IMYa9V8Zay/mgvD1uvX66Ar+LIbOKeBV02kcyJ2IZ6vXZgPlgIK1mM5dhnKj1jllvcNrJWqkv9a4qv6U+cwnJ7hJOczj1Yvv/jUWbiF+7+pHFAPj0tp16nhTB83Fsyl2t6Kgqhn9+2qHrFez0YZP/g==
Resolución SBS N° 03463-2024,v1.0,"Establecen que en el caso de las COOPAC, a la parte de los créditos reprogramados en el marco del DU N° 012-2024 que cuentan con la cobertura del Fondo de Apoyo Empresarial a la MIPYME del Sector Turismo (FAE-TURISMO), le resulta aplicable el mismo tratamiento dispuesto a la parte de los créditos reprogramados que cuentan con la cobertura del Fondo de Apoyo Empresarial a la MYPE del Sector Turismo, a través de la Resolución SBS N° 2364-2020 y del Oficio Múltiple N° 28681-2020-SBS.",Resolución,Vigente,COOPAC,01/10/2024,30/09/2024,https://www.sbs.gob.pe/app/pp/INT_CN/Paginas/Busqueda/Download.aspx?url=p8ehJETNq5hYZsadCTQlDA1Pw7aAvNcREl6DVQhESNiouiM3fzeprEeqSY0+Ubw+IMYa9V8Zay/mgvD1uvX66Ar+LIbOKeBV02kcyJ2IZ6vfUH3jINSTHxDM0Hy2tEzLoicWBGJ+6jK5LB6HHl+iRy0ZCAGkncFdStoH2WDTUlCaA0iajcL+7hhSqqn9vAIWc4I4jYV/NMYGnuJCdphjvA==
Resolución SBS N° 3141-2024,v2.0,"Aprueban la Norma que regula los servicios que brinda la SBS a los ciudadanos y la atención de denuncias contra las empresas supervisadas, y modifican el TUPA de la Superintendencia de Banca, Seguros y Administradoras Privadas de Fondos de Pensiones.",Resolución,Vigente,"SF, SS, SPP, COOPAC, AFOCAT, LA/FT_SBS",09/09/2024,06/09/2024,https://www.sbs.gob.pe/app/pp/INT_CN/Paginas/Busqueda/Download.aspx?url=p8ehJETNq5hYZsadCTQlDA1Pw7aAvNcREl6DVQhESNiouiM3fzeprEeqSY0+Ubw+IMYa9V8Zay/mgvD1uvX66Ar+LIbOKeBV02kcyJ2IZ6twbgP3zQ3E9CWdAI/3FIkK1k/cROb8TnK1a/eagQZfpILdVxJnVpEornpPLnfbGZCfhZU8c1TzD/MnSwzngefw
Resolución SBS N° 02538-2024,v1.0,Modificación del Reglamento del Fondo de Seguro de Depósitos Cooperativo y del Estatuto del Fondo de Seguro de Depósitos Cooperativo,Resolución,Vigente,COOPAC,19/07/2024,17/07/2024,https://www.sbs.gob.pe/app/pp/INT_CN/Paginas/Busqueda/Download.aspx?url=p8ehJETNq5hYZsadCTQlDA1Pw7aAvNcREl6DVQhESNiouiM3fzeprEeqSY0+Ubw+IMYa9V8Zay/mgvD1uvX66Ar+LIbOKeBV02kcyJ2IZ6vt7cDoz7SOtWvrAO+z4D/Hcl063XcRYi0FdI7D5hpw5m93/LOJ+LM7NdgiKTLZNi9MBoA5EPanEu7uyAXVrdOQc8fd5osiwSvlNIyIhkJ+tg==
Resolución SBS N° 2490-2024,v1.0,Aprueban Normas Complementarias en materia de bienes y/o servicios provistos por terceros en las Coopac,Resolución,Vigente,COOPAC,15/07/2024,12/07/2024,https://www.sbs.gob.pe/app/pp/INT_CN/Paginas/Busqueda/Download.aspx?url=p8ehJETNq5hYZsadCTQlDA1Pw7aAvNcREl6DVQhESNiouiM3fzeprEeqSY0+Ubw+IMYa9V8Zay/mgvD1uvX66Ar+LIbOKeBV02kcyJ2IZ6vKLcj3pZy6JTjvKWL6b1YLW4uGezk3xIFr6xVc8ZSPuPcCLn5ZsThQka9zTvlpiTWRp09UdfZo1dMYdYVvcpRxIBfJ2r6shdSI3smeV4/9cg==
Resolución SBS N° 00976-2024,v1.0,"Modificar los Manuales de Contabilidad para las Cooperativas de Ahorro y Crédito No Autorizadas a Captar Recursos del Público, de Nivel 2 y Nivel 3 (Incorporándose el Anexo 6-A Reporte Crediticio de Deudores)",Resolución,Vigente,COOPAC,18/03/2024,15/03/2024,https://www.sbs.gob.pe/app/pp/INT_CN/Paginas/Busqueda/Download.aspx?url=p8ehJETNq5hYZsadCTQlDA1Pw7aAvNcREl6DVQhESNiouiM3fzeprEeqSY0+Ubw+IMYa9V8Zay/mgvD1uvX66Ar+LIbOKeBV02kcyJ2IZ6sVN5oML/VU1OCgLyqWebdRxqSR028qdSmxj2vzQnaFXlpKgMzWOnAVCwQshWGcMNArxqM/gRoW5GiLFmP56ILMDMOJ0/O7kmZ0BsISZ9Ew3g==
Resolución SBS N° 925-2024,v1.0,"Modifican el Reglamento del Fondo de Seguro de Depósitos Cooperativo, el Procedimiento Operativo para el Cálculo y Pago de las Primas al Fondo de Seguro de Depósitos Cooperativo, y los Manuales de Contabilidad para las Cooperativas de Ahorro y Crédito No Autorizadas a Captar Recursos del Público de Nivel 1, Nivel 2 y Nivel 3",Resolución,Vigente,COOPAC,18/03/2024,13/03/2024,https://www.sbs.gob.pe/app/pp/INT_CN/Paginas/Busqueda/Download.aspx?url=p8ehJETNq5hYZsadCTQlDA1Pw7aAvNcREl6DVQhESNiouiM3fzeprEeqSY0+Ubw+IMYa9V8Zay/mgvD1uvX66Ar+LIbOKeBV02kcyJ2IZ6u7STcJhJZyFIBodKVfJOMnCwf8wqKv+JWjZZ5yQqXVKW9R81ivRsawP1EUnsNZT3/vAfb3LnEWK4yE/kyln0907k9fBz7Bg1ChwmrjRzs0aQ==
Resolución SBS N° 501-2024,v1.0,Modifican el Reglamento General de las Cooperativas de Ahorro y Crédito No Autorizadas a Captar Recursos del Público (Reglamento General de Coopac) y el cuarto párrafo del Artículo Tercero de la Resolución SBS N° 480-2019,Resolución,Vigente,COOPAC,09/02/2024,08/02/2024,https://www.sbs.gob.pe/app/pp/INT_CN/Paginas/Busqueda/Download.aspx?url=p8ehJETNq5hYZsadCTQlDA1Pw7aAvNcREl6DVQhESNiouiM3fzeprEeqSY0+Ubw+IMYa9V8Zay/mgvD1uvX66Ar+LIbOKeBV02kcyJ2IZ6tXeJlo797OVF/WPRMzgy7OCgp3ABM1z5q+5kn8953Ys+I/sVGU2S5WRqndQIiSEKk64LjlMu9Hm3V/4O9WL/QXdtJoh7X8GJqi87EKDxm8KA==
Resolución SBS N° 00398-2024,v1.0,"Modifican el Manual de Contabilidad para las Cooperativas de Ahorro y Crédito No Autorizadas a Captar Recursos del Público de Nivel 2 y 3, incorporando cuentas para el registro de créditos que participan en el Programa Impulso MYPERU",Resolución,Vigente,COOPAC,05/02/2024,02/02/2024,https://www.sbs.gob.pe/app/pp/INT_CN/Paginas/Busqueda/Download.aspx?url=p8ehJETNq5hYZsadCTQlDA1Pw7aAvNcREl6DVQhESNiouiM3fzeprEeqSY0+Ubw+IMYa9V8Zay/mgvD1uvX66Ar+LIbOKeBV02kcyJ2IZ6vxrtozUinbzz3IVdxrWg6HN+R+pNww+w6EPLBqKdunjbWoK1nb8Z/doOwyjOFe8JVcufsYBAt26N4jyZ89s0ICRvPsjjJ73CTxWMYsItv/EQ==
Resolución SBS N° 3178-2023,v1.0,Modifican el Reglamento General de las Cooperativas de Ahorro y Crédito No Autorizadas a Captar Recursos del Público,Resolución,Vigente,COOPAC,27/09/2023,25/09/2023,https://www.sbs.gob.pe/app/pp/INT_CN/Paginas/Busqueda/Download.aspx?url=p8ehJETNq5hYZsadCTQlDA1Pw7aAvNcREl6DVQhESNiouiM3fzeprEeqSY0+Ubw+IMYa9V8Zay/mgvD1uvX66Ar+LIbOKeBV02kcyJ2IZ6sFr2Y9fyMvEs9V5OTcCNVNR6X6+twhtutv6BS3UeQ9riA/AXk20MuV9nH3DZFnHs6Oey71D93DHTw8ANA0ecw2w4mcLhxmJNC08X7JxBzUAQ==
Resolución SBS N° 2835-2023,v1.0,"Modificación de la Resolución SBS N° 2368-2023 para precisar que dicha norma no aplica a las Coopac de Nivel 2 con activos totales mayores a 32,200 UIT ni a las Coopac de Nivel 3",Resolución,Vigente,COOPAC,29/08/2023,28/08/2023,https://www.sbs.gob.pe/app/pp/INT_CN/Paginas/Busqueda/Download.aspx?url=p8ehJETNq5hYZsadCTQlDA1Pw7aAvNcREl6DVQhESNiouiM3fzeprEeqSY0+Ubw+IMYa9V8Zay/mgvD1uvX66Ar+LIbOKeBV02kcyJ2IZ6vg9iQ+CCNOVCn6u3NhGFabUP5VPJ6LizJn6pioReamxEtrKmNRsbmZBeVbDgAcRiKnN76ACrW648QyWlLThRrtufo/5FZVKkVBYewHMteQUw==
Resolución SBS N° 02346-2023,v1.0,"Se establece que a la parte de los créditos reprogramados en el marco del Decreto de Urgencia N° 026-2022 que cuentan con la cobertura del Fondo de Apoyo Empresarial a la MIPYME del Sector Turismo (FAE-TURISMO), le resulta aplicable el mismo tratamiento dispuesto a la parte de los créditos que cuentan con la cobertura del Fondo de Apoyo Empresarial a la MYPE del Sector Turismo y se modifica el Manual de Contabilidad.",Resolución,Vigente,COOPAC,13/07/2023,12/07/2023,https://www.sbs.gob.pe/app/pp/INT_CN/Paginas/Busqueda/Download.aspx?url=p8ehJETNq5hYZsadCTQlDA1Pw7aAvNcREl6DVQhESNiouiM3fzeprEeqSY0+Ubw+IMYa9V8Zay/mgvD1uvX66Ar+LIbOKeBV02kcyJ2IZ6viS1suuFap+ypOo9L0D3rvwArjHDPSlGn/ZAOd3HKs+Re8iAwKv0LfEo8jlAb3gUXSmk8R3xh/ZttX5Jk1rK2npj/aym26aLR6KdWbwrKVzg==
Resolución SBS N° 1814-2023,v1.0,"Modifican Reglamento de Infracciones y Sanciones de la Superintendencia de Banca, Seguros y Administradoras Privadas de Fondos de Pensiones",Resolución,Vigente,"SF, COOPAC",25/05/2023,24/05/2023,https://www.sbs.gob.pe/app/pp/INT_CN/Paginas/Busqueda/Download.aspx?url=p8ehJETNq5hYZsadCTQlDA1Pw7aAvNcREl6DVQhESNiouiM3fzeprEeqSY0+Ubw+IMYa9V8Zay/mgvD1uvX66Ar+LIbOKeBV02kcyJ2IZ6vK+4FKgeXjiOHm/dnKivaq9RdDLP4VDfn2+CIjrig+DIHbIoUYLBYTwTHvQiGDKtHg5vXWqLXRRjhMbKZQHhM7pEQ+jd8kweb1LFdPjSTBnw==
Oficio Múltiple N° 18718-2023-SBS,v1.0,Precisiones sobre el Programa Impulso Empresarial MYPE (IMPULSO MYPERU) a que se refiere la Ley N° 31658,Oficio múltiple,Vigente,COOPAC,,21/04/2023,https://www.sbs.gob.pe/app/pp/INT_CN/Paginas/Busqueda/Download.aspx?url=p8ehJETNq5hYZsadCTQlDA1Pw7aAvNcREl6DVQhESNiouiM3fzeprEeqSY0+Ubw+IMYa9V8Zay/mgvD1uvX66Ar+LIbOKeBV02kcyJ2IZ6temz3gwkg/F+0FFO4dJ00OCtKN4qrdFGmTevqx2eHTBC9K2UGL/I7LT5XRPOe1JF/N86GczKTKJ28VAoxqMFepjUjAHTFAm6SUQZ/+n2SKtA==
Resolución SBS N° 1297-2023,v1.0,Modifican el Reglamento del Fondo de Seguro de Depósitos Cooperativo,Resolución,Vigente,COOPAC,14/04/2023,13/04/2023,https://www.sbs.gob.pe/app/pp/INT_CN/Paginas/Busqueda/Download.aspx?url=p8ehJETNq5hYZsadCTQlDA1Pw7aAvNcREl6DVQhESNiouiM3fzeprEeqSY0+Ubw+IMYa9V8Zay/mgvD1uvX66Ar+LIbOKeBV02kcyJ2IZ6s1F0muN7SLXNNB711QeWYN0i9Ecl/LApY60h2fJLYCF6YH5AkPpisG03Xk5tDAWhZPSqI5LEiLdCVRIQAJHo3KLIEz0CWiovWR2fafGUiRHQ==
Resolución SBS N° 1213-2023,v1.0,Establecen precisiones sobre aspectos de carácter prudencial y contable que deben ser considerados por las COOPAC que participen del Programa IMPULSO MYPERU y modifican el Manual de Contabilidad para las Cooperativas de Ahorro y Crédito No Autorizadas a Captar Recursos del Público de Nivel 2 y 3,Resolución,Vigente,COOPAC,05/04/2023,04/04/2023,https://www.sbs.gob.pe/app/pp/INT_CN/Paginas/Busqueda/Download.aspx?url=p8ehJETNq5hYZsadCTQlDA1Pw7aAvNcREl6DVQhESNiouiM3fzeprEeqSY0+Ubw+IMYa9V8Zay/mgvD1uvX66Ar+LIbOKeBV02kcyJ2IZ6v4pNTFzU6Ya/eUHc8BJjlsKxEYJmGCMOXpoD2oW0j07JuIU/Ph5tE3anOFH1YCK0rIRN8ehdvELKrXREdlrYrgGMoyivdm0xaSL+U/TrKXlw==
Resolución SBS N° 00838-2023,v1.0,"Modifican el Reglamento de Patrimonios Autónomos de Seguro de Crédito de las Cooperativas de Ahorro y Crédito (COOPAC), el TUPA de la Superintendencia de Banca, Seguros y AFP; asimismo, los Manuales de Contabilidad para las Cooperativas de Ahorro y Crédito No Autorizadas a Captar Recursos del Público de Nivel 1, 2 y 3",Resolución,Vigente,COOPAC,10/03/2023,08/03/2023,https://www.sbs.gob.pe/app/pp/INT_CN/Paginas/Busqueda/Download.aspx?url=p8ehJETNq5hYZsadCTQlDA1Pw7aAvNcREl6DVQhESNiouiM3fzeprEeqSY0+Ubw+IMYa9V8Zay/mgvD1uvX66Ar+LIbOKeBV02kcyJ2IZ6txPP4A8Q2cAXRKsEnvj1PPuAxpaVyCSSsDiknm/klXizRbvTapHHz+zYihKUdZ0ImME1fdpzmx+O0fEn0U12LMJLIPIJwnlFTYfVEap6BxTQ==
Resolución SBS N° 739-2023,v1.0,"Modifican el artículo 35 del Reglamento de Gestión de Riesgo de Crédito, y dictan otras disposiciones",Resolución,Vigente,"SF, SS, SPP, COOPAC",03/03/2023,01/03/2023,https://www.sbs.gob.pe/app/pp/INT_CN/Paginas/Busqueda/Download.aspx?url=p8ehJETNq5hYZsadCTQlDA1Pw7aAvNcREl6DVQhESNiouiM3fzeprEeqSY0+Ubw+IMYa9V8Zay/mgvD1uvX66Ar+LIbOKeBV02kcyJ2IZ6uhWDNy1kSVW2ojYqqKQ/J2U+bBZRk5OeFf+K9/jTcRWTIKdDEUDj6Nj2WlSbLQ0jcRvE8/+VXrYgIoQbWrCFA+XOaNF594JwknRYkYBbgYBw==
Oficio Múltiple N° 45398-2022-SBS,v1.0,Precisiones sobre el Fondo de Apoyo Empresarial para el sector textil y confección (FAE-TEXCO) a que se refiere el Decreto de Urgencia N° 012-2022 y sus modificatorias,Oficio múltiple,Vigente,COOPAC,,19/10/2022,https://www.sbs.gob.pe/app/pp/INT_CN/Paginas/Busqueda/Download.aspx?url=p8ehJETNq5hYZsadCTQlDA1Pw7aAvNcREl6DVQhESNiouiM3fzeprEeqSY0+Ubw+IMYa9V8Zay/mgvD1uvX66Ar+LIbOKeBV02kcyJ2IZ6utZ6H6MF5VGk9d40hRkCiHXrxjjTzIYk/P9FRtYFdv25KWD4879LNvfFTG37LVGb68Y8E7uh/0Ih3cI+M4+q2M+Pj4kZC3DNfMHd/EGFYlhg==
Resolución SBS N° 3177-2022,v1.0,Establecen precisiones que deben ser consideradas por las COOPAC que participen en el marco del FAE-TEXCO y modifican el Manual de Contabilidad para las Cooperativas de Ahorro y Crédito No Autorizadas a Captar Recursos del Público de Nivel 2 y 3.,Resolución,Vigente,COOPAC,18/10/2022,17/10/2022,https://www.sbs.gob.pe/app/pp/INT_CN/Paginas/Busqueda/Download.aspx?url=p8ehJETNq5hYZsadCTQlDA1Pw7aAvNcREl6DVQhESNiouiM3fzeprEeqSY0+Ubw+IMYa9V8Zay/mgvD1uvX66Ar+LIbOKeBV02kcyJ2IZ6vDsUva01wueaL0BleNsam3pRsfEsqUjeUCkSSRCrp5jo7371GB+ZkrHtoNpucmabehAezevJZaarnonIbY19binmGYiKw1HLiQP+h37+Q37Q==
Resolución SBS N° 2082-2022,v1.0,Establecen precisiones sobre aspectos de carácter prudencial y contable que deben ser consideradas por las COOPAC para la reprogramación de los créditos garantizados con el Fondo de Apoyo Empresarial a la MIPYME del Sector Turismo (FAE-TURISMO) en el marco del Decreto de Urgencia Nº 004-2022.,Resolución,Vigente,COOPAC,04/07/2022,01/07/2022,https://www.sbs.gob.pe/app/pp/INT_CN/Paginas/Busqueda/Download.aspx?url=p8ehJETNq5hYZsadCTQlDA1Pw7aAvNcREl6DVQhESNiouiM3fzeprEeqSY0+Ubw+IMYa9V8Zay/mgvD1uvX66Ar+LIbOKeBV02kcyJ2IZ6vTLlQbX45klVY+OQIb6LzVGi+goZOxSvuigZ4QeVSUHe8k2+OD+ZWhYUYmTwxBz4QlYkEuwTYtIH9g3vkODpin
Resolución SBS N° 2055-2022,v1.0,Modifican el Reglamento del Fondo de Seguro de Depósitos Cooperativo y el Procedimiento Operativo para el Cálculo y Pago de las Primas al Fondo de Seguro de Depósitos Cooperativo.,Resolución,Vigente,COOPAC,01/07/2022,30/06/2022,https://www.sbs.gob.pe/app/pp/INT_CN/Paginas/Busqueda/Download.aspx?url=p8ehJETNq5hYZsadCTQlDA1Pw7aAvNcREl6DVQhESNiouiM3fzeprEeqSY0+Ubw+IMYa9V8Zay/mgvD1uvX66Ar+LIbOKeBV02kcyJ2IZ6uevc+kJ7uElnEcGKq5t5pi3d7pXSwQGxIav9+dsruqfYEVu/kFeR09fIfKmzpBozyxBWudG+ZzgvirC/xh4wE4
Resolución SBS N° 1297-2022,v1.0,Aprueban el Reglamento de Auditoría Externa para las Cooperativas de Ahorro y Crédito No Autorizadas a Captar Recursos del Público.,Resolución,Vigente,COOPAC,22/04/2022,20/04/2022,https://www.sbs.gob.pe/app/pp/INT_CN/Paginas/Busqueda/Download.aspx?url=p8ehJETNq5hYZsadCTQlDA1Pw7aAvNcREl6DVQhESNiouiM3fzeprEeqSY0+Ubw+IMYa9V8Zay/mgvD1uvX66Ar+LIbOKeBV02kcyJ2IZ6tbzMx8oZwAS+t2aLGwzUDG6TgMFqRilijmOILYXbNRkIgYxsoDzKz9xqsGYg/PCWGZZ798zYVqyuYfOi0OmqmN
Resolución SBS N° 1298-2022,v2.0,Aprueban el Reglamento de Auditoría Interna para las Cooperativas de Ahorro y Crédito No Autorizadas a Captar Recursos del Público.,Resolución,Vigente,COOPAC,22/04/2022,20/04/2022,https://www.sbs.gob.pe/app/pp/INT_CN/Paginas/Busqueda/Download.aspx?url=p8ehJETNq5hYZsadCTQlDA1Pw7aAvNcREl6DVQhESNiouiM3fzeprEeqSY0+Ubw+IMYa9V8Zay/mgvD1uvX66Ar+LIbOKeBV02kcyJ2IZ6v2PpbcwuqgRRAow6LFnDuX+4ttw5nvnBiPGskU4a27WTfLw2pf9pfC5Nc4vOWahgOKgX90XiM+RJF7HxnICaQHJLrbdgPwP9/XAkBaB2YR1Q==
Resolución SBS N° 1087-2022,v1.0,"Autorizan al Fondo de Seguro de Depósitos Cooperativo para iniciar la recaudación de las primas que deben pagar las Cooperativas de Ahorro y Crédito miembros, en el mes de julio del año 2022.",Resolución,Vigente,COOPAC,04/04/2022,01/04/2022,https://www.sbs.gob.pe/app/pp/INT_CN/Paginas/Busqueda/Download.aspx?url=p8ehJETNq5hYZsadCTQlDA1Pw7aAvNcREl6DVQhESNiouiM3fzeprEeqSY0+Ubw+IMYa9V8Zay/mgvD1uvX66Ar+LIbOKeBV02kcyJ2IZ6ufHCUjExULHcJ2Y+2182u4gd4aZsS3bkV84m8kdMb3e/T5wnTr89/RaBThv/0HZLnFgBZF3I8tCB3rcySGt/6X
Resolución SBS N° 967-2022,v1.0,Aprueban el Reglamento para la clasificación de las cooperativas de ahorro y crédito no autorizadas a captar recursos del público.,Resolución,Vigente,COOPAC,28/03/2022,25/03/2022,https://www.sbs.gob.pe/app/pp/INT_CN/Paginas/Busqueda/Download.aspx?url=p8ehJETNq5hYZsadCTQlDA1Pw7aAvNcREl6DVQhESNiouiM3fzeprEeqSY0+Ubw+IMYa9V8Zay/mgvD1uvX66Ar+LIbOKeBV02kcyJ2IZ6sZVRQPg2MFXxymR8KeKNNJcz+WytEntJsIrUJ+fhfUU/XAzW6Fc9OO3OaSbGhGNBaLHTu4R7NOgLf2jL0NMgHy
Resolución SBS N° 461-2022,v1.0,"Modifican el Manual de Contabilidad para las Cooperativas de Ahorro y Crédito No Autorizadas a Captar Recursos del Público de Nivel 2 y 3, aprobado por Resolución SBS Nº 577-2019 y sus modificatorias.",Resolución,Vigente,COOPAC,15/02/2022,14/02/2022,https://www.sbs.gob.pe/app/pp/INT_CN/Paginas/Busqueda/Download.aspx?url=p8ehJETNq5hYZsadCTQlDA1Pw7aAvNcREl6DVQhESNiouiM3fzeprEeqSY0+Ubw+IMYa9V8Zay/mgvD1uvX66Ar+LIbOKeBV02kcyJ2IZ6vXiXW3ap9rYWfxIaY7ogiFwVwwL6SkVOBwzA04fKCUAGCJZ4Fe0BSdrrNxxHfyI9DTsTGbIx2wPOo93JSp7Q1S
Resolución SBS N° 2655-2021,v1.0,Aprueban el Procedimiento para la realización de la Asamblea General de Intervención en el marco del Régimen de Intervención de Cooperativas de Ahorro y Crédito No Autorizadas a Captar Recursos del Público de los Niveles 1 y 2 y modifican el Reglamento General de las Cooperativas de Ahorro y Crédito No Autorizadas a Captar Recursos del Público.,Resolución,Vigente,COOPAC,10/09/2021,08/09/2021,https://www.sbs.gob.pe/app/pp/INT_CN/Paginas/Busqueda/Download.aspx?url=p8ehJETNq5hYZsadCTQlDA1Pw7aAvNcREl6DVQhESNiouiM3fzeprEeqSY0+Ubw+IMYa9V8Zay/mgvD1uvX66Ar+LIbOKeBV02kcyJ2IZ6vm4t8fmk171ToUo536LqrdUNsvE/hoHVO8FxahT8mCPH1Nu3X7Z2QLkJ5zTKgcv0QAn2DR2+EyjHWa+/WBlxeV
Resolución SBS N° 2570-2021,v1.0,"Sustituyen el Artículo Tercero de la Resolución SBS N° 480-2019, que aprobó el Reglamento General de las Cooperativas de Ahorro y Crédito No Autorizadas a Captar Recursos del Público.",Resolución,Vigente,COOPAC,03/09/2021,02/09/2021,https://www.sbs.gob.pe/app/pp/INT_CN/Paginas/Busqueda/Download.aspx?url=p8ehJETNq5hYZsadCTQlDA1Pw7aAvNcREl6DVQhESNiouiM3fzeprEeqSY0+Ubw+IMYa9V8Zay/mgvD1uvX66Ar+LIbOKeBV02kcyJ2IZ6vMC1MkcdCCZNRCaP4jN24L8OJ/VrmFSTcSKyDUNU7HHt/wng2kl5buIHQPtc5VjU1yy16nQlPcbtuYObc4VswD
Resolución SBS N° 2429-2021,v2.0,Aprueban el Reglamento para la realización temporal de actividades en modelos novedosos y modifican el Reglamento para la Gestión del Riesgo Operacional.,Resolución,Vigente,"SF, SS, SPP, COOPAC, AFOCAT",20/08/2021,19/08/2021,https://www.sbs.gob.pe/app/pp/INT_CN/Paginas/Busqueda/Download.aspx?url=p8ehJETNq5hYZsadCTQlDA1Pw7aAvNcREl6DVQhESNiouiM3fzeprEeqSY0+Ubw+IMYa9V8Zay/mgvD1uvX66Ar+LIbOKeBV02kcyJ2IZ6vPhVVY/Pv4VF4ETPoJioLe4GjSEXi5rNyS41HE8RE4SLGPLZuLOPH6FD6msZTAp1XG+BNrPlz2ehxjJF37CD/LZpsKyWg9lwU5ZuVn/IZpTsLGjjQRdNp5cJTfWgY12tPFnSUHLuQfrpALVL7NHJkD
Resolución SBS N° 2354-2021,v1.0,Modifican el Manual de Contabilidad para las Cooperativas de Ahorro y Crédito No Autorizadas a Captar Recursos del Público de Nivel 2 y 3 y dictan otras disposiciones,Resolución,Vigente,COOPAC,13/08/2021,12/08/2021,https://www.sbs.gob.pe/app/pp/INT_CN/Paginas/Busqueda/Download.aspx?url=p8ehJETNq5hYZsadCTQlDA1Pw7aAvNcREl6DVQhESNiouiM3fzeprEeqSY0+Ubw+IMYa9V8Zay/mgvD1uvX66Ar+LIbOKeBV02kcyJ2IZ6sLBFllEvGtrFLhlNzbc8Q5uXbdUpn4SnxmxS6Ml1UZe/O+2zUBfDVloTaB5iZcrPDVti+OBQk0rjkCgzw+tZO5
Oficio Múltiple N° 20843-2021-SBS,v1.0,Determinación de la clasificación crediticia del deudor,Oficio múltiple,Vigente,COOPAC,,26/04/2021,https://www.sbs.gob.pe/app/pp/INT_CN/Paginas/Busqueda/Download.aspx?url=p8ehJETNq5hYZsadCTQlDA1Pw7aAvNcREl6DVQhESNiouiM3fzeprEeqSY0+Ubw+IMYa9V8Zay/mgvD1uvX66Ar+LIbOKeBV02kcyJ2IZ6u0gRMntUHfCJGXM8e3GwI53p3FQcYsI7h5kjRzJsOoG0lJpUwqUropLxEcw0XUcjLadscGb0ztYAJ1Z4Px43zJNAhTLk5mRGjcJUyLrmuhVQ==
Resolución SBS N° 1171-2021,v1.0,"Modifican el estatuto del Fondo de Seguro de Depósitos Cooperativo, aprobado por la Resolución SBS Nº 158-2020.",Resolución,Vigente,COOPAC,23/04/2021,20/04/2021,https://www.sbs.gob.pe/app/pp/INT_CN/Paginas/Busqueda/Download.aspx?url=p8ehJETNq5hYZsadCTQlDA1Pw7aAvNcREl6DVQhESNiouiM3fzeprEeqSY0+Ubw+IMYa9V8Zay/mgvD1uvX66Ar+LIbOKeBV02kcyJ2IZ6tj8Go4HFTFiEYhB2Ig5DCbXDgVzkN2tCgLeFF1YVzc0XrvD/xlmHiBX7c+481rZHaWolh7yK0txN7t8ASWYBkV
Circular COOP-46-2021,v1.0,Sistema de Reporte de Auditoría Interna para Cooperativas de Ahorro y Crédito No Autorizadas a Captar Recursos del Público (SIRAI-COOPAC).,Circular,Vigente,COOPAC,20/04/2021,19/04/2021,https://www.sbs.gob.pe/app/pp/INT_CN/Paginas/Busqueda/Download.aspx?url=p8ehJETNq5hYZsadCTQlDA1Pw7aAvNcREl6DVQhESNiouiM3fzeprEeqSY0+Ubw+IMYa9V8Zay/mgvD1uvX66Ar+LIbOKeBV02kcyJ2IZ6vjiUIDohhlLoXxtm+tcUZ8UKi6cYwEHksZgl0TVsadwoi4523zi0gnbHshaOYk9SOa9p+MgSKH2ADLZgIKTgPY0FVbAxQ07gEnTUuChsMVxg==
Resolución SBS N° 1142-2021,v1.0,Modificación del Reglamento de Regímenes Especiales y de la Liquidación de las Cooperativas de Ahorro y Crédito No Autorizadas a Captar Recursos del Público,Resolución,Vigente,COOPAC,20/04/2021,16/04/2021,https://www.sbs.gob.pe/app/pp/INT_CN/Paginas/Busqueda/Download.aspx?url=p8ehJETNq5hYZsadCTQlDA1Pw7aAvNcREl6DVQhESNiouiM3fzeprEeqSY0+Ubw+IMYa9V8Zay/mgvD1uvX66Ar+LIbOKeBV02kcyJ2IZ6vpuFtmpforv7csPF5v9/wSlIPHEUnGRZ1/WaFS0jcU3RDevuMwdz9W59vkZrG3TKQJB+xAJsQiIdjXobvijWsU
Resolución SBS N° 977-2021,v1.0,Establecen precisiones sobre aspectos de carácter prudencial y contable que deben ser consideradas por las COOPAC de Nivel 2 y 3 que participen en el marco del PAE-MYPE y modifican el Manual de Contabilidad para las Cooperativas de Ahorro y Crédito No Autorizadas a Captar Recursos del Público de Nivel 2 y 3.,Resolución,Vigente,COOPAC,01/04/2021,31/03/2021,https://www.sbs.gob.pe/app/pp/INT_CN/Paginas/Busqueda/Download.aspx?url=p8ehJETNq5hYZsadCTQlDA1Pw7aAvNcREl6DVQhESNiouiM3fzeprEeqSY0+Ubw+IMYa9V8Zay/mgvD1uvX66Ar+LIbOKeBV02kcyJ2IZ6tfZ8CsBK3XlYKHLBhDDWQnJntDxkAKlid0QmNu+8WMQSRSAgWJfU9k3wWTwQp/SYapAbbrgioYpY/h55NCmpiT
Circular COOP-45-2021,v1.0,"Sistema de Registro de Directivos, Gerentes y Principales Funcionarios (REDIR-COOPAC) para cooperativas de ahorro y crédito no autorizadas a captar recursos del público y centrales.",Circular,Vigente,COOPAC,22/03/2021,18/03/2021,https://www.sbs.gob.pe/app/pp/INT_CN/Paginas/Busqueda/Download.aspx?url=p8ehJETNq5hYZsadCTQlDA1Pw7aAvNcREl6DVQhESNiouiM3fzeprEeqSY0+Ubw+IMYa9V8Zay/mgvD1uvX66Ar+LIbOKeBV02kcyJ2IZ6sbd5xmjIDzKRvVUo8XglVL85WsLyw2jJxWsdkMbX1JJpqmiUpLtX1RUfecvr4grgOmX3c0PxFdpvT93cRmoMN1INPL/09sZBe+PY9Y8u/1Rw==
Oficio Múltiple N° 11287-2021-SBS,v1.0,Medidas prudenciales complementarias relacionadas al Estado de Emergencia Nacional.,Resolución,Vigente,COOPAC,,03/03/2021,https://www.sbs.gob.pe/app/pp/INT_CN/Paginas/Busqueda/Download.aspx?url=p8ehJETNq5hYZsadCTQlDA1Pw7aAvNcREl6DVQhESNiouiM3fzeprEeqSY0+Ubw+IMYa9V8Zay/mgvD1uvX66Ar+LIbOKeBV02kcyJ2IZ6ukLo73f/7ZjcI6CoB2pu643pKH1rBAaZ2r2G6jVzb91f5r5MBt6zB7rQ83NyAhm1E8OR1Lx38CtoVRMMYdE1z8V0lOZ/3SSOF4drp9diRWdQ==
Resolución SBS N° 439-2021,v1.0,"Autorizan al Fondo de Seguro de Depósitos Cooperativo para iniciar la recaudación de las primas que deben pagar las Cooperativas de Ahorro y Crédito miembros, en el mes de abril del año 2022; y modifican lo dispuesto en el segundo párrafo de la tercera diposición complementaria final de la Resolución SBS Nº 5061-2018",Resolución,Vigente,COOPAC,16/02/2021,12/02/2021,https://www.sbs.gob.pe/app/pp/INT_CN/Paginas/Busqueda/Download.aspx?url=p8ehJETNq5hYZsadCTQlDA1Pw7aAvNcREl6DVQhESNiouiM3fzeprEeqSY0+Ubw+IMYa9V8Zay/mgvD1uvX66Ar+LIbOKeBV02kcyJ2IZ6s9AocFsw8CqSCWXruHqgAoUS9f0VZoEDBlb+pzEGLZvp+B/f7c39SfGc3FtPD3spOjAxtuPvDTNiu2UApzMkSC
Resolución SBS N° 311-2021,v1.0,"""Convenio de responsabilidad sobre información remitida mediante el aplicativo SEI"" por parte de las Cooperativas de Ahorro y Crédito no autorizadas a captar recursos del público u operar con terceros (COOPAC).",Resolución,Vigente,COOPAC,02/02/2021,01/02/2021,https://www.sbs.gob.pe/app/pp/INT_CN/Paginas/Busqueda/Download.aspx?url=p8ehJETNq5hYZsadCTQlDA1Pw7aAvNcREl6DVQhESNiouiM3fzeprEeqSY0+Ubw+IMYa9V8Zay/mgvD1uvX66Ar+LIbOKeBV02kcyJ2IZ6te7hPplX43Yvl9xLmjnmzyHKYh01pJOagw4iZ5q7BeTaW2Mp/we5wBeo3U3bxOWpAJDwL3Agbhj0GSCNs5cafq
Resolución SBS N° 2980-2020,v1.0,Modifican el Reglamento General de las Cooperativas de Ahorro y Crédito No Autorizadas a Captar Recursos del Público.,Resolución,Vigente,COOPAC,28/11/2020,27/11/2020,https://www.sbs.gob.pe/app/pp/INT_CN/Paginas/Busqueda/Download.aspx?url=p8ehJETNq5hYZsadCTQlDA1Pw7aAvNcREl6DVQhESNiouiM3fzeprEeqSY0+Ubw+IMYa9V8Zay/mgvD1uvX66Ar+LIbOKeBV02kcyJ2IZ6vNWHLtQIb0d0R90lokPplK3TDtsrS0ycBlN0c4RZZrBgz1jf3I68YbvrleuxOH72jqm/1OPwlIIqvoBt5W2bWx
Oficio Múltiple N° 28681-2020,v1.0,Precisiones sobre los Programas creados por el Gobierno durante el Estado de Emergencia Nacional,Oficio múltiple,Vigente,COOPAC,,12/10/2020,https://www.sbs.gob.pe/app/pp/INT_CN/Paginas/Busqueda/Download.aspx?url=p8ehJETNq5hYZsadCTQlDA1Pw7aAvNcREl6DVQhESNiouiM3fzeprEeqSY0+Ubw+IMYa9V8Zay/mgvD1uvX66Ar+LIbOKeBV02kcyJ2IZ6s7WVAeBRQ7fk8f06vLdP0KWxwt8TIeIZDjXpupgx0QF1/yRuOMwi37/93BdaRhVtYsd4AOU3L8cWqz94nQjMYxbo2sOxqM4Phv/iOMfeHF+g==
Resolución SBS N° 2364-2020,v1.0,Establecen precisiones que deben ser consideradas por las COOPAC que participen en el marco del FAE-TURISMO y del FAE-AGRO y modifican el Manual de Contabilidad para las Cooperativas de Ahorro y Crédito No Autorizadas a Captar Recursos del Público de Nivel 2 y 3.,Resolución,Vigente,COOPAC,30/09/2020,29/09/2020,https://www.sbs.gob.pe/app/pp/INT_CN/Paginas/Busqueda/Download.aspx?url=p8ehJETNq5hYZsadCTQlDA1Pw7aAvNcREl6DVQhESNiouiM3fzeprEeqSY0+Ubw+IMYa9V8Zay/mgvD1uvX66PIwO9B2GmahyzPxCppervqsIPmQyOLb0TW0hBwfqxQGkwdVCPPaw/yBIBbj02oveT2L2bscpUGyc2S1LolS12lqEEDt0lo/PenSGPQ+N8nI
Resolución SBS N° 2157-2020,v1.0,Modifican el Reglamento de Registro Nacional de Cooperativas de Ahorro y Crédito No Autorizadas a Captar Recursos del Público y de las Centrales y diversos procedimientos en el Texto Único de Procedimientos Administrativos de la SBS.,Resolución,Vigente,COOPAC,08/09/2020,04/09/2020,https://www.sbs.gob.pe/app/pp/INT_CN/Paginas/Busqueda/Download.aspx?url=p8ehJETNq5hYZsadCTQlDA1Pw7aAvNcREl6DVQhESNiouiM3fzeprEeqSY0+Ubw+IMYa9V8Zay/mgvD1uvX66PIwO9B2GmahyzPxCppervoHn9jkFbdg0KsYe/JI/WJXy7Zmsb0XYwt50oZJujv7HLZtX9NyXQCef3+r4vPIwOde3zVWM39VqEKvSvk7V10Z
Oficio Múltiple N° 17658-2020-SBS,v1.0,"Precisiones sobre modificaciones realizadas al Reglamento General de las Cooperativas de Ahorro y Crédito No Autorizadas a Captar Recursos del Público, aprobado por Resolución SBS N° 480-2019.",Oficio múltiple,Vigente,COOPAC,,23/07/2020,https://www.sbs.gob.pe/app/pp/INT_CN/Paginas/Busqueda/Download.aspx?url=p8ehJETNq5hYZsadCTQlDA1Pw7aAvNcREl6DVQhESNiouiM3fzeprEeqSY0+Ubw+IMYa9V8Zay/mgvD1uvX66PIwO9B2GmahyzPxCppervp9Bk1pn7FKpauY1giID3wtJpjknbDSRPRJtXf4FaEdnCiLJAFz0BXARy+wWmaeJJS5wZRRxxCP6fi2dVLEwyeqaA5mIdxbFsl9wLrAGL24fw==
Resolución SBS N° 1765-2020,v1.0,"Modifican el Manual de Contabilidad para las Cooperativas de Ahorro y Crédito No Autorizadas a Captar Recursos del Público de Nivel 2 y 3, aprobado por Resolución SBS N° 577-2019 y dictan otras disposiciones.",Resolución,Vigente,COOPAC,07/07/2020,06/07/2020,https://www.sbs.gob.pe/app/pp/INT_CN/Paginas/Busqueda/Download.aspx?url=p8ehJETNq5hYZsadCTQlDA1Pw7aAvNcREl6DVQhESNiouiM3fzeprEeqSY0+Ubw+IMYa9V8Zay/mgvD1uvX66PIwO9B2GmahyzPxCppervozTczmmZUydJSQhv9IcnGKP0WpKo45HL5ZkMVt5Ps23zLVlQkTWmhmVLWdHGG0CP/toD8HYwP6y3REUhXqZHYy
Resolución SBS Nº 1561-2020,v1.0,Modifica el Reglamento General de las Cooperativas de Ahorro y Crédito No Autorizadas a Captar Recursos del Público y el Reglamento de Patrimonios Autónomos de Seguro de Crédito de las Cooperativas de Ahorro y Crédito (COOPAC).,Resolución,Vigente,COOPAC,12/06/2020,11/06/2020,https://www.sbs.gob.pe/app/pp/INT_CN/Paginas/Busqueda/Download.aspx?url=p8ehJETNq5hYZsadCTQlDA1Pw7aAvNcREl6DVQhESNiouiM3fzeprEeqSY0+Ubw+IMYa9V8Zay/mgvD1uvX66PIwO9B2GmahyzPxCppervo6F0bMiP6sN3vHyDdnvQAcp5CwX+A8oyG83uA8AtZHW7WmQHKiLleD09GJ6zQYt9eGXiBdAmLLb9ahQ95YWrqmCOZsCPEbIGL5aSLKGuQF2w==
Resolución SBS N° 1537-2020,v1.0,Amplían suspensión del cómputo de plazos administrativos relacionados con funciones y atribuciones de la SBS y dictan diversas disposiciones,Resolución,Vigente,"SF, SS, SPP, COOPAC, AFOCAT, LA/FT_SBS",08/06/2020,05/06/2020,https://www.sbs.gob.pe/app/pp/INT_CN/Paginas/Busqueda/Download.aspx?url=p8ehJETNq5hYZsadCTQlDA1Pw7aAvNcREl6DVQhESNiouiM3fzeprEeqSY0+Ubw+IMYa9V8Zay/mgvD1uvX66PIwO9B2GmahyzPxCppervoWO26VYYTSlq6iCr0Bq7jICf4SoDxKJ5JUzRJE4aPWUw/8qR3b0/cvsDQANKDMqIwAVMGA7zA+LTIP4qmc9HxxxsMYda4ZNNYdd3Qv20i1cw==
Resolución SBS N° 1439-2020,v1.0,"Se autoriza al Fondo de Seguro de Depósitos Cooperativo para iniciar la recaudación de las primas que deben pagar las Cooperativas de Ahorro y Crédito miembros, en el mes de abril del año 2021; y se modifica la tercera disposición complementaria final de la Resolución SBS N° 5061-2018.",Resolución,Vigente,COOPAC,29/05/2020,28/05/2020,https://www.sbs.gob.pe/app/pp/INT_CN/Paginas/Busqueda/Download.aspx?url=p8ehJETNq5hYZsadCTQlDA1Pw7aAvNcREl6DVQhESNiouiM3fzeprEeqSY0+Ubw+IMYa9V8Zay/mgvD1uvX66PIwO9B2GmahyzPxCppervpLvoO5Bj8LfU/7hemzeb+Yr4AonIfHiGKB8MfoJsggu8dBB7Myv2/8q+es38eWi1J+McHwfiK0cTCVca2CBF/uO3fuHHPneOp+zOd7MrqvkQ==
Resolución SBS Nº 1407-2020,v1.0,Amplían la suspensión del cómputo de plazos dispuesta mediante Resolución SBS Nº 1259- 2020 y dictan otras disposiciones.,Resolución,Vigente,"SF, SS, SPP, COOPAC, AFOCAT, LA/FT_SBS",26/05/2020,25/05/2020,https://www.sbs.gob.pe/app/pp/INT_CN/Paginas/Busqueda/Download.aspx?url=p8ehJETNq5hYZsadCTQlDA1Pw7aAvNcREl6DVQhESNiouiM3fzeprEeqSY0+Ubw+IMYa9V8Zay/mgvD1uvX66PIwO9B2GmahyzPxCppervr0/rHTWwgULf1JXQG1FTjf2bZw71dycnP4ISBLyKWP7t1Qc1RxzVZgd+hOTApswtmNmZ6EQoujLQznPKhDMFtwEDDPRl1uc1h1VBtEMFMToQ==
Resolución SBS N° 1311-2020,v1.0,"Se amplía la suspensión del cómputo de plazos dispuesta mediante Res. SBS N° 1259-2020, relacionados con funciones, atribuciones y entrega de información de la SBS, hasta el 10 de mayo de 2020 inclusive.",Resolución,Vigente,"SF, SS, SPP, COOPAC, AFOCAT, LA/FT_SBS",27/04/2020,25/04/2020,https://www.sbs.gob.pe/app/pp/INT_CN/Paginas/Busqueda/Download.aspx?url=p8ehJETNq5hYZsadCTQlDA1Pw7aAvNcREl6DVQhESNiouiM3fzeprEeqSY0+Ubw+IMYa9V8Zay/mgvD1uvX66PIwO9B2GmahyzPxCppervp2837kW3qL2IGxI/wdgINrrvb6TK9MCIDD1RDXsTUU0kaENtaCPYJsthIoTJ5PJ2SN6JcJC8ARlVeSpYh+Gshs4mC8/uw3cQv+gzU4eYOZxQ==
Resolución SBS N° 1285-2020,v1.0,Modifican el Reglamento General de las Cooperativas de Ahorro y Crédito No Autorizadas a Captar Recursos del Público.,Resolución,Vigente,COOPAC,15/04/2020,14/04/2020,https://www.sbs.gob.pe/app/pp/INT_CN/Paginas/Busqueda/Download.aspx?url=p8ehJETNq5hYZsadCTQlDA1Pw7aAvNcREl6DVQhESNiouiM3fzeprEeqSY0+Ubw+IMYa9V8Zay/mgvD1uvX66PIwO9B2GmahyzPxCppervp0Hq+sKliYheJ9x4zafdBFyap+4+MG3y4AGhOL9uXWf5fJYACktMaFUJlyNx3bgRDPO06dF6ejH8hCXZL1As6cof+fVMjMfYBXde+GucEp3g==
Resolución SBS N° 1280-2020,v1.0,Amplían suspensión del cómputo de plazos a los que se refiere la Resolución de Superintendencia Nº 1268-2020.,Resolución,Vigente,"SF, SS, SPP, COOPAC, AFOCAT, LA/FT_SBS",14/04/2020,11/04/2020,https://www.sbs.gob.pe/app/pp/INT_CN/Paginas/Busqueda/Download.aspx?url=p8ehJETNq5hYZsadCTQlDA1Pw7aAvNcREl6DVQhESNiouiM3fzeprEeqSY0+Ubw+IMYa9V8Zay/mgvD1uvX66PIwO9B2GmahyzPxCppervrQ/CA0G8EfAqQXDvfGaJqXv8HvQee0+5VjfOmtNNDRNtM96R9g15I1yVv83brmvJ7oLv64Vk1fS7xGRCjYbsBJJrEL+xlqmeph0NBE3n32xw==
Resolución SBS N° 1266-2020,v1.0,Autorizan al Fondo de Seguro de Depósitos Cooperativo para iniciar la recaudación de las primas que deben pagar las Cooperativas de Ahorro y Crédito miembros en el mes de julio del año 2020.,Resolución,Vigente,COOPAC,28/03/2020,27/03/2020,https://www.sbs.gob.pe/app/pp/INT_CN/Paginas/Busqueda/Download.aspx?url=p8ehJETNq5hYZsadCTQlDA1Pw7aAvNcREl6DVQhESNiouiM3fzeprEeqSY0+Ubw+IMYa9V8Zay/mgvD1uvX66PIwO9B2GmahyzPxCppervrL2RaVWd/dBPsGrpNp8xnnvDGsvkccXyS+yeySkwBrdNmtJZrkD/5UGdwdsCyecCt9q1+tmj1ytFqiCMwkhmOaaPhQcZEr1GyfkiH1yWSPJA==
Resolución SBS N° 1268-2020,v1.0,"Amplían la suspensión del cómputo de plazos administrativos relacionados con las funciones y atribuciones que corresponden a la SBS, incluyendo los establecidos a los que se refieren los artículos 252 y 253 del TUO de la Ley N° 27444.",Resolución,Vigente,"SF, SS, SPP, COOPAC, AFOCAT, LA/FT_SBS",29/03/2020,27/03/2020,https://www.sbs.gob.pe/app/pp/INT_CN/Paginas/Busqueda/Download.aspx?url=p8ehJETNq5hYZsadCTQlDA1Pw7aAvNcREl6DVQhESNiouiM3fzeprEeqSY0+Ubw+IMYa9V8Zay/mgvD1uvX66PIwO9B2GmahyzPxCppervoVmWKNktG41WtqqBJQNo6THYwMg1S7VtYe99PRtpV5mtAInWMrWRV8oNopCjDDJ0dPOA7CpTGwa1fUYida7ghKK5/3/ZtQL+zSltPuYrrHXg==
Resolución SBS N° 1259-2020,v1.0,"Suspensión de plazos administrativos relacionados con las funciones y atribuciones que corresponden a esta Superintendencia, en el marco del ¿Estado de Emergencia Nacional¿ (Decreto Supremo N° 044-2020-PCM )",Resolución,Vigente,"SF, SS, SPP, COOPAC, AFOCAT, LA/FT_SBS",20/03/2020,16/03/2020,https://www.sbs.gob.pe/app/pp/INT_CN/Paginas/Busqueda/Download.aspx?url=p8ehJETNq5hYZsadCTQlDA1Pw7aAvNcREl6DVQhESNiouiM3fzeprEeqSY0+Ubw+IMYa9V8Zay/mgvD1uvX66PIwO9B2GmahyzPxCppervpVeFFAfBXRrJevDFjPinrGsOnkST+R0Z7ErO5Gii7zoomgpBQtz7hYRbFtmsN5vdCvvuCmKqyD7qh3vvV4VG6QBY7cSoAMCG5O/Ua1X1TV3w==
Resolución SBS N° 493-2020,v1.0,Modifican el Reglamento General de las Cooperativas de Ahorro y Crédito No Autorizadas a Captar Recursos del Público y dictan diversas disposiciones,Resolución,Vigente,COOPAC,31/01/2020,30/01/2020,https://www.sbs.gob.pe/app/pp/INT_CN/Paginas/Busqueda/Download.aspx?url=p8ehJETNq5hYZsadCTQlDA1Pw7aAvNcREl6DVQhESNiouiM3fzeprEeqSY0+Ubw+IMYa9V8Zay/mgvD1uvX66PIwO9B2GmahyzPxCppervp4BMe4G5rglENV+gpk0tO1YiyFqobI3IzxxtVk757mVnytx9Q0CNCIojIiKc9Kfq3+zziVTQBTKYb8oaMC/e1p
Resolución SBS N° 494-2020,v3.0,"Aprueban el ""Procedimiento Operativo para el Cálculo y Pago de las Primas al Fondo de Seguro de Depósitos Cooperativo"".",Resolución,Vigente,COOPAC,31/01/2020,30/01/2020,https://www.sbs.gob.pe/app/pp/INT_CN/Paginas/Busqueda/Download.aspx?url=p8ehJETNq5hYZsadCTQlDA1Pw7aAvNcREl6DVQhESNiouiM3fzeprEeqSY0+Ubw+IMYa9V8Zay/mgvD1uvX66PIwO9B2GmahyzPxCppervoxv697h5MoWg3OVT6azCXjGUJ/kSqyMsCeVikwj2Bhr2JeV2tU1w/AGPEEQIv/f5ixFQpUtdPR1RAD/IHRQn4s4z3aeNs2Qc/iA3GBhnUoOQ==
Resolución SBS N° 0158-2020,v4.0,Aprobación del Estatuto del Fondo de Seguro de Depósito Cooperativo,Resolución,Vigente,COOPAC,14/01/2020,13/01/2020,https://www.sbs.gob.pe/app/pp/INT_CN/Paginas/Busqueda/Download.aspx?url=p8ehJETNq5hYZsadCTQlDA1Pw7aAvNcREl6DVQhESNiouiM3fzeprEeqSY0+Ubw+IMYa9V8Zay/mgvD1uvX66PIwO9B2GmahyzPxCppervplrxOoofJwnElKlGruX9o8ewv3lMBX6quxQxbI8CetiJMGRBbDA/VbueC+tqlbrN7jZXYtTSRN6gbrbo/k8iKj50PY4FXKCCAQyBEcBwixaQ==
Oficio Múltiple N° 48189-2019-SBS,v1.0,Procedimiento para considerar como garantía preferida a los terrenos y predios urbanos no asegurados por las empresas de seguros,Oficio múltiple,Vigente,COOPAC,,11/12/2019,https://www.sbs.gob.pe/app/pp/INT_CN/Paginas/Busqueda/Download.aspx?url=p8ehJETNq5hYZsadCTQlDA1Pw7aAvNcREl6DVQhESNiouiM3fzeprEeqSY0+Ubw+IMYa9V8Zay/mgvD1uvX66Ar+LIbOKeBV02kcyJ2IZ6s4b3kr8ZWTsFxEjk5hD5NRZHdNjd0r7aYLQPsmpAQv1WDC/3oee7A8ndGrAhAhl4j3+8HAzqyh7zP9OnzmIgwv3d/U/uhDybJwQqTgnFpzNw==
Resolución SBS N° 5646-2019,v1.0,Modifican el Reglamento del Fondo de Seguro de Depósitos Cooperativo.,Resolución,Vigente,COOPAC,30/11/2019,29/11/2019,https://www.sbs.gob.pe/app/pp/INT_CN/Paginas/Busqueda/Download.aspx?url=p8ehJETNq5hYZsadCTQlDA1Pw7aAvNcREl6DVQhESNiouiM3fzeprEeqSY0+Ubw+IMYa9V8Zay/mgvD1uvX66PIwO9B2GmahyzPxCppervqVoPhaqi9Ac7rcn4Df1/89L41oQgjTBOpwXrXj9LnbVQjho8JdR7WlhZx/G5eFErHiM5w75LhOt1K9KzfdvbzM
Resolución SBS N° 1310-2019,v1.0,"Modifican Reglamento de Infracciones y Sanciones de la SBS, aprobado mediante la Res. N° 2755- 2018.",Resolución,Vigente,"COOPAC, LA/FT_UIF",29/03/2019,27/03/2019,https://www.sbs.gob.pe/app/pp/INT_CN/Paginas/Busqueda/Download.aspx?url=p8ehJETNq5hYZsadCTQlDA1Pw7aAvNcREl6DVQhESNiouiM3fzeprEeqSY0+Ubw+IMYa9V8Zay/mgvD1uvX66PIwO9B2GmahyzPxCppervoaC3v20BQLpZue/H4PWs3dKEN6YzVQNosZXiABcLfgjAKfIFqQTnxlXpJYmsUMbfngoH2hm9hWsnHUZaH+8B4DeUijdBZhBmjOVKn6dlYkrA==
Resolución SBS N° 1308-2019,v4.0,Se aprueba el Reglamento de Patrimonios Autónomos de Seguro de Crédito de las Cooperativas de Ahorro y Crédito (COOPAC) e incorporan procedimiento en el TUPA de la SBS.,Resolución,Vigente,COOPAC,29/03/2019,27/03/2019,https://www.sbs.gob.pe/app/pp/INT_CN/Paginas/Busqueda/Download.aspx?url=p8ehJETNq5hYZsadCTQlDA1Pw7aAvNcREl6DVQhESNiouiM3fzeprEeqSY0+Ubw+IMYa9V8Zay/mgvD1uvX66PIwO9B2GmahyzPxCppervpvLLu90CEA3ef3KBnHawiqVBzVrRt7Evl6iO+/ienDXNEBuR/eCByPMECXYVNGWqJtGIiLrsaVciXoGx0btQ1rcNy0OFb87dtqOyiWAxpkuQ==
Resolución SBS N° 577-2019,v3.0,"Se aprueban los Manuales de Contabilidad para las Cooperativas de Ahorro y Crédito No Autorizadas a Captar Recursos del Público de Nivel 1, Nivel 2 y Nivel 3.",Resolución,Vigente,COOPAC,15/02/2019,13/02/2019,https://www.sbs.gob.pe/app/pp/INT_CN/Paginas/Busqueda/Download.aspx?url=p8ehJETNq5hYZsadCTQlDA1Pw7aAvNcREl6DVQhESNiouiM3fzeprEeqSY0+Ubw+IMYa9V8Zay/mgvD1uvX66PIwO9B2GmahyzPxCppervqXEmU2NRJJ3BuQZWD1XWwiNpW0Zgn/22H1mCsTttUi6crz+/F6cuT9X+/w7Wv1ikEKEJlXa6pAxayQxD4cEX3oXiwLQ+zgcJMkF9APqlfqSQ==
Resolución SBS N° 480-2019,v18.0,Se aprueba el Reglamento General de las Cooperativas de Ahorro y Crédito no autorizadas a captar recursos del público,Resolución,Vigente,COOPAC,07/02/2019,06/02/2019,https://www.sbs.gob.pe/app/pp/INT_CN/Paginas/Busqueda/Download.aspx?url=p8ehJETNq5hYZsadCTQlDA1Pw7aAvNcREl6DVQhESNiouiM3fzeprEeqSY0+Ubw+IMYa9V8Zay/mgvD1uvX66PIwO9B2GmahyzPxCppervqHQdon3L2cZ/RT6JH21TGlJrl/JCIyb7z2jP3YgB4MqA6k6LTxLLmIOYk6XDmhwEccfyil2bwawa+qhUGbAvHsikbYSuOx3xvfDVQpQ+C1Lg==
Resolución SBS N° 034-2019,v1.0,"Procedimiento aplicable a las cooperativas de ahorro y crédito no autorizadas a captar recursos del público que al 1 de enero de 2019 se encuentran con solicitud, presentada por la Superintendencia, de disolución y liquidación en trámite ante el Poder Judicial sin que se haya expedido sentencia.",Resolución,Vigente,COOPAC,05/01/2019,04/01/2019,https://www.sbs.gob.pe/app/pp/INT_CN/Paginas/Busqueda/Download.aspx?url=p8ehJETNq5hYZsadCTQlDA1Pw7aAvNcREl6DVQhESNiouiM3fzeprEeqSY0+Ubw+IMYa9V8Zay/mgvD1uvX66PIwO9B2GmahyzPxCppervpYOS0Gkj5uWGRtzvKEBpvXm5n0pJggKds+0tt6958LGGUScxCDg+PqOu1/zJCEklp9oRIja1sEo81W1VjT1oOD
Resolución SBS N° 5061-2018,v11.0,Reglamento del Fondo de Seguro de Depósitos Cooperativo.,Resolución,Vigente,COOPAC,28/12/2018,26/12/2018,https://www.sbs.gob.pe/app/pp/INT_CN/Paginas/Busqueda/Download.aspx?url=p8ehJETNq5hYZsadCTQlDA1Pw7aAvNcREl6DVQhESNiouiM3fzeprEeqSY0+Ubw+IMYa9V8Zay/mgvD1uvX66PIwO9B2GmahyzPxCppervr2Rh3ulJSd6qEvd6ir/pvkaX4QabCUr+kbHD6X4BKyV+8yAUBqFX5cjiM7749t4T++SXQMY6Y/y8QKk+GBdTmDfkj0NmgAHm/isf+bD0vZzg==
Resolución SBS N° 5076-2018,v2.0,Reglamento de Regímenes Especiales y de la Liquidación de las Cooperativas de Ahorro y Crédito No Autorizadas a Captar Recursos del Público.,Resolución,Vigente,COOPAC,28/12/2018,26/12/2018,https://www.sbs.gob.pe/app/pp/INT_CN/Paginas/Busqueda/Download.aspx?url=p8ehJETNq5hYZsadCTQlDA1Pw7aAvNcREl6DVQhESNiouiM3fzeprEeqSY0+Ubw+IMYa9V8Zay/mgvD1uvX66PIwO9B2GmahyzPxCppervomqtQ37HXKNnyb1KEN7Hhis99z3qbeFv04FjJwtrbLeir2RcrPHHTzdlJ4VX+MUolq9YNS3uWE3skv3Yrpp598
Resolución SBS N° 4977-2018,v2.0,Aprueban el Reglamento de Registro Nacional de Cooperativas de Ahorro y Crédito No Autorizadas a Captar Recursos del Público y de las Centrales e incorporan procedimiento N° 178 en el TUPA de la SBS.,Resolución,Vigente,COOPAC,18/12/2018,17/12/2018,https://www.sbs.gob.pe/app/pp/INT_CN/Paginas/Busqueda/Download.aspx?url=p8ehJETNq5hYZsadCTQlDA1Pw7aAvNcREl6DVQhESNiouiM3fzeprEeqSY0+Ubw+IMYa9V8Zay/mgvD1uvX66PIwO9B2GmahyzPxCppervqHwdbl06B28VpCYxsWbQmHO+fVBHMW2W/bUTtpwAwH6nG+Q6CsaP3WKctzQdQzPef5+1CRcHihLFBo3PFM7hfj
Resolución SBS N° 13278-2009,v3.0,Reglamento de la Gestión Integral de Riesgos para las Cooperativas de Ahorro y Crédito No Autorizadas a Operar con Recursos del Público.,Resolución,Vigente,COOPAC,25/09/2009,22/09/2009,https://www.sbs.gob.pe/app/pp/INT_CN/Paginas/Busqueda/Download.aspx?url=p8ehJETNq5hYZsadCTQlDA1Pw7aAvNcREl6DVQhESNiouiM3fzeprEeqSY0+Ubw+IMYa9V8Zay/mgvD1uvX66PIwO9B2GmahyzPxCppervp+/830Bym7N0zqk1QTu3y+1X945LLZ0r8TNTOfUgCZy/iBhKm/CqkbPinF28JBqAsu+3VoQfBg67sHIIrEUOakefeRohSDIXWenMbIO4k5Mg==
Resolución SBS N° 85-2007,v1.0,Modifica artículo 5° del Reglamento de Cooperativas de Ahorro y Crédito no autorizadas a operar con Recursos del Público.,Resolución,Vigente,COOPAC,28/01/2007,24/01/2007,https://www.sbs.gob.pe/app/pp/INT_CN/Paginas/Busqueda/Download.aspx?url=p8ehJETNq5hYZsadCTQlDA1Pw7aAvNcREl6DVQhESNiouiM3fzeprEeqSY0+Ubw+IMYa9V8Zay/mgvD1uvX66D76rxzwG9zd1QKRdnkprJygjHhkhLzdQmAR38dXJEjiklU4lV25c1x6giX1/4P2GsgRxapjLa4NI3q7T7d4O2+0sZCvlE+TSneniavgVs+S
Resolución Nº 0809-2000,v1.0,"Precisan interpretación del término ""actas"" contenido en la Vigésima Cuarta Disposición Final y Complementaria de la Ley General del Sistema Financiero y del Sistema de Seguros.",Resolución,Vigente,"SF, COOPAC",11/11/2000,09/11/2000,https://www.sbs.gob.pe/app/pp/INT_CN/Paginas/Busqueda/Download.aspx?url=p8ehJETNq5hYZsadCTQlDA1Pw7aAvNcREl6DVQhESNiouiM3fzeprEeqSY0+Ubw+IMYa9V8Zay/mgvD1uvX66PIwO9B2GmahyzPxCppervoFu99ejrglpeItuWpeMgvHZ7bL8pWXv8fWxk/C6oOD+MW7/hfbQIHBzzHUHYGFcJuS0xoW0zzm+RRlmiA8PubhHu2ve44twlUvQlXeUTGYKw==
Circular COOP-041-2000,v1.0,Presentación de Estados Financieros e Información Complementaria,Circular,Vigente,COOPAC,26/06/2000,23/06/2000,https://www.sbs.gob.pe/app/pp/INT_CN/Paginas/Busqueda/Download.aspx?url=p8ehJETNq5hYZsadCTQlDA1Pw7aAvNcREl6DVQhESNiouiM3fzeprEeqSY0+Ubw+IMYa9V8Zay/mgvD1uvX66Ar+LIbOKeBV02kcyJ2IZ6uAgROr/fD+n+3csyPJQIahPjKHKZDBSZlQX/lnUnIQBm0zWaRQ+VggA+pGWzScLnOdYd0NwtCECRRQ4peLCBbZkUTLUa0Hvt1sNgI6mDhNgA==
Oficio Nº 6013-98,v1.0,Modifica el contenido y periodicidad de los documentos que la Federación Nacional de Cooperativas de Ahorro y Crédito del Perú debe presentar a la SBS.,Oficio múltiple,Vigente,COOPAC,,31/07/1998,https://www.sbs.gob.pe/app/pp/INT_CN/Paginas/Busqueda/Download.aspx?url=p8ehJETNq5hYZsadCTQlDA1Pw7aAvNcREl6DVQhESNiouiM3fzeprEeqSY0+Ubw+IMYa9V8Zay/mgvD1uvX66D76rxzwG9zd1QKRdnkprJz9ORoQDipQDY0+3R4pccfrz8tZiHQ+iBBIFGZvpDHbjhStEpWYVrA3Zcu2VMVVPNObK2nPZYrbZqcKZxZZT6+nS+MEWZNbIrrF/IBneQ3yhA==
Oficio Nº 1433-94,v1.0,Información de cooperativas de ahorro y crédito no autorizadas a operar con recursos del público en proceso de liquidación.,Oficio múltiple,Vigente,COOPAC,,23/03/1994,https://www.sbs.gob.pe/app/pp/INT_CN/Paginas/Busqueda/Download.aspx?url=p8ehJETNq5hYZsadCTQlDA1Pw7aAvNcREl6DVQhESNiouiM3fzeprEeqSY0+Ubw+IMYa9V8Zay/mgvD1uvX66AGAkvQPuZp4++cxtNbGdb/SULhUQIPTQkPm0HHneWBGFXJd8kJCMPpyzaq1m7XKMsM7DcnWpKT6R/aHvzqKtqXDk/NRcwVcmhQwKyLdiQcU8FeO5z+DDAHoyNMKzwIomg==
Circular COOP-039-1994,v1.0,Exhibición de tasas de interés.,Circular,Vigente,COOPAC,26/01/1994,21/01/1994,https://www.sbs.gob.pe/app/pp/INT_CN/Paginas/Busqueda/Download.aspx?url=p8ehJETNq5hYZsadCTQlDA1Pw7aAvNcREl6DVQhESNiouiM3fzeprEeqSY0+Ubw+IMYa9V8Zay/mgvD1uvX66Ar+LIbOKeBV02kcyJ2IZ6tT0jUUKYjL2MJclnThnushd/p/wivtk/P9ymuFEhxHTbE05z9MebI6y7cyGKrjGxR+GlDfM5lSRxYy/Wia3PnmkNgzglXeav3nr/XKP9qrPQ==
